,RMSE,MAE,R2
LinearRegression,16221.040790693221,12433.0,0.9907155879704752
RandomForest,17010.990885796942,13712.916666666666,0.9897892840083948
XGBoost,22730.366245766185,18379.166666666668,0.9817690273475503
LSTM,13216.478842717526,10476.0,0.9938364843517185
ARIMA,14959.893467553917,11265.335748460755,0.9835642876205757
